/*
 Navicat Premium Data Transfer

 Source Server         : localhost
 Source Server Type    : MySQL
 Source Server Version : 80011
 Source Host           : localhost
 Source Database       : j2ee

 Target Server Type    : MySQL
 Target Server Version : 80011
 File Encoding         : utf-8

 Date: 06/20/2018 15:28:33 PM
*/

SET NAMES utf8mb4;
SET FOREIGN_KEY_CHECKS = 0;

-- ----------------------------
--  Table structure for `tickets_coupon`
-- ----------------------------
DROP TABLE IF EXISTS `tickets_coupon`;
CREATE TABLE `tickets_coupon` (
  `id` int(11) NOT NULL AUTO_INCREMENT,
  `username` varchar(20) DEFAULT NULL,
  `highprice` double DEFAULT NULL,
  `lowprice` double DEFAULT NULL,
  `stopdate` date DEFAULT NULL,
  PRIMARY KEY (`id`)
) ENGINE=InnoDB AUTO_INCREMENT=6 DEFAULT CHARSET=utf8;

-- ----------------------------
--  Records of `tickets_coupon`
-- ----------------------------
BEGIN;
INSERT INTO `tickets_coupon` VALUES ('1', 'foxwel8888', '200', '20', '2018-07-11'), ('2', 'foxwel8888', '500', '20', '2018-09-10'), ('3', 'foxwel8888', '500', '20', '2018-10-10'), ('4', 'newUser', '500', '20', '2018-10-10'), ('5', 'newusers', '500', '20', '2018-10-10');
COMMIT;

-- ----------------------------
--  Table structure for `tickets_order`
-- ----------------------------
DROP TABLE IF EXISTS `tickets_order`;
CREATE TABLE `tickets_order` (
  `id` int(11) NOT NULL AUTO_INCREMENT,
  `username` varchar(20) DEFAULT NULL,
  `showid` int(11) DEFAULT NULL,
  `type` varchar(20) DEFAULT NULL,
  `ticketNum` int(11) DEFAULT NULL,
  `time` datetime DEFAULT NULL,
  `checktime` datetime DEFAULT NULL,
  `price` double DEFAULT NULL,
  `state` varchar(10) DEFAULT NULL,
  `districtId` int(11) DEFAULT NULL,
  `payprice` double DEFAULT NULL,
  `olduser` int(11) DEFAULT '0',
  `integral` int(11) DEFAULT NULL,
  PRIMARY KEY (`id`)
) ENGINE=InnoDB AUTO_INCREMENT=84 DEFAULT CHARSET=utf8;

-- ----------------------------
--  Records of `tickets_order`
-- ----------------------------
BEGIN;
INSERT INTO `tickets_order` VALUES ('13', 'foxwel8888', '13', 'notselect', '4', '2018-03-18 00:12:46', '2018-08-04 00:12:46', '300', 'old', '1', '250', '0', null), ('15', 'foxwel8888', '12', 'select', '4', '2018-03-18 17:34:36', '2018-08-18 17:34:36', '800', 'paied', '0', '800', '0', null), ('17', 'foxwel8888', '13', 'notselect', '1', '2018-03-18 19:08:42', '2018-08-04 19:08:42', '80', 'paied', '0', '78.4', '0', null), ('20', 'newUser', '13', 'select', '3', '2018-03-19 00:29:55', '2018-08-19 00:29:55', '300', 'paied', '0', '300', '0', null), ('33', 'newUser', '11', 'notselect', '3', '2018-03-19 10:19:05', '2018-07-03 20:00:00', '600', 'paied', '0', '600', '0', null), ('34', 'foxwel8888', '11', 'notselect', '1', '2018-03-19 10:23:16', '2018-07-03 20:00:00', '200', 'old', '0', '200', '0', null), ('37', 'newusers', '19', 'select', '6', '2018-03-19 11:10:24', '2018-03-19 11:33:24', '1200', 'old', '0', '1200', '0', null), ('38', 'newusers', '19', 'notselect', '3', '2018-03-19 11:10:39', '2018-04-25 11:32:00', '600', 'paied', '0', '600', '0', null), ('39', 'foxwel8888', '13', 'notselect', '2', '2018-03-19 11:38:07', '2018-05-22 21:00:00', '160', 'unPaied', '0', '160', '0', null), ('40', 'foxwel8888', '11', 'notselect', '1', '2018-03-19 11:42:29', '2018-07-03 20:00:00', '200', 'unPaied', '0', '200', '0', null), ('41', 'fox', '10', 'notselect', '3', '2018-06-08 11:35:43', '2018-08-03 20:00:00', '600', 'unPaied', '0', '600', '0', null), ('42', 'foxwel8888', '13', 'notselect', '4', '2018-03-18 00:12:46', '2018-08-04 00:12:46', '300', 'old', '1', '200', '0', '1'), ('43', 'foxwel8888', '13', 'notselect', '4', '2018-03-18 00:12:46', '2018-08-04 00:12:46', '500', 'old', '1', '470', '0', '200'), ('44', 'foxwel8888', '13', 'notselect', '4', '2018-03-18 00:12:46', '2018-08-04 00:12:46', '600', 'old', '1', '460', '0', '0'), ('45', 'foxwel8888', '10', 'notselect', '4', '2018-03-18 00:12:46', '2018-08-04 00:12:46', '480', 'old', '1', '430', '1', '0'), ('46', 'foxwel8888', '10', 'notselect', '4', '2018-04-18 00:12:46', '2018-08-04 00:12:46', '300', 'old', '1', '280', '1', '300'), ('47', 'foxwel8888', '11', 'notselect', '4', '2018-05-18 00:12:46', '2018-08-04 00:12:46', '800', 'old', '1', '700', '1', '0'), ('48', 'foxwel8888', '11', 'notselect', '4', '2018-06-18 00:12:46', '2018-08-04 00:12:46', '600', 'old', '1', '580', '1', '0'), ('49', 'foxwel8888', '12', 'notselect', '4', '2018-02-18 00:12:46', '2018-08-04 00:12:46', '200', 'old', '1', '199', '1', '1'), ('50', 'foxwel8888', '11', 'notselect', '4', '2018-05-18 00:12:46', '2018-08-04 00:12:46', '500', 'old', '1', '400', '1', '0'), ('51', 'foxwel8888', '11', 'notselect', '4', '2018-06-18 00:12:46', '2018-08-04 00:12:46', '900', 'old', '1', '890', '1', '0'), ('52', 'foxwel8888', '12', 'notselect', '4', '2018-06-18 00:12:46', '2018-08-04 00:12:46', '800', 'old', '1', '800', '1', '0'), ('53', 'grant', '13', 'notselect', '4', '2018-01-18 00:12:46', '2018-08-04 00:12:46', '500', 'old', '1', '400', '0', '1'), ('54', 'grant', '13', 'notselect', '4', '2018-01-18 00:12:46', '2018-08-04 00:12:46', '400', 'old', '1', '370', '0', '1'), ('55', 'grant', '10', 'notselect', '4', '2018-01-18 00:12:46', '2018-08-04 00:12:46', '400', 'old', '1', '380', '1', '1'), ('56', 'grant', '10', 'notselect', '4', '2018-01-18 00:12:46', '2018-08-04 00:12:46', '400', 'old', '1', '250', '1', '1'), ('57', 'grant', '11', 'notselect', '4', '2018-02-18 00:12:46', '2018-08-04 00:12:46', '400', 'old', '1', '400', '1', '1'), ('58', 'grant', '11', 'notselect', '4', '2018-03-18 00:12:46', '2018-08-04 00:12:46', '400', 'old', '1', '400', '1', '1'), ('59', 'grant', '12', 'notselect', '4', '2018-04-18 00:12:46', '2018-08-04 00:12:46', '400', 'old', '1', '400', '1', '1'), ('60', 'newppp', '10', 'notselect', '4', '2018-05-18 00:12:46', '2018-08-04 00:12:46', '300', 'old', '1', '300', '0', '300'), ('61', 'newzzz', '11', 'notselect', '4', '2018-05-18 00:12:46', '2018-08-04 00:12:46', '800', 'old', '1', '800', '0', '0'), ('62', 'colu', '11', 'notselect', '4', '2018-04-18 00:12:46', '2018-08-04 00:12:46', '600', 'old', '1', '600', '0', '0'), ('63', 'colu123', '12', 'notselect', '4', '2018-02-18 00:12:46', '2018-08-04 00:12:46', '200', 'old', '1', '199', '0', '1'), ('64', 'newppp', '10', 'notselect', '4', '2018-05-18 00:12:46', '2018-08-04 00:12:46', '300', 'old', '1', '300', '0', '300'), ('65', 'newzzz', '11', 'notselect', '4', '2018-05-18 00:12:46', '2018-08-04 00:12:46', '800', 'old', '1', '800', '0', '0'), ('66', 'colu', '11', 'notselect', '4', '2018-04-18 00:12:46', '2018-08-04 00:12:46', '600', 'old', '1', '600', '0', '0'), ('67', 'colu123', '12', 'notselect', '4', '2018-02-18 00:12:46', '2018-08-04 00:12:46', '200', 'old', '1', '199', '0', '1'), ('68', 'newppp', '10', 'notselect', '4', '2018-05-18 00:12:46', '2018-08-04 00:12:46', '300', 'old', '1', '300', '0', '300'), ('69', 'newzzz', '11', 'notselect', '4', '2018-05-18 00:12:46', '2018-08-04 00:12:46', '800', 'old', '1', '800', '0', '0'), ('70', 'colu', '11', 'notselect', '4', '2018-04-18 00:12:46', '2018-08-04 00:12:46', '600', 'old', '1', '570', '0', '0'), ('71', 'colu123', '12', 'notselect', '4', '2018-02-18 00:12:46', '2018-08-04 00:12:46', '200', 'old', '1', '199', '0', '1'), ('72', 'newppp', '10', 'notselect', '4', '2018-05-18 00:12:46', '2018-08-04 00:12:46', '300', 'old', '1', '300', '0', '300'), ('73', 'newzzz', '11', 'notselect', '4', '2018-05-18 00:12:46', '2018-08-04 00:12:46', '800', 'old', '1', '800', '0', '0'), ('74', 'colu', '11', 'notselect', '4', '2018-06-18 00:12:46', '2018-08-04 00:12:46', '600', 'old', '1', '600', '0', '0'), ('75', 'colu123', '12', 'notselect', '4', '2018-06-18 00:12:46', '2018-08-04 00:12:46', '200', 'old', '1', '199', '0', '1'), ('76', 'newppp', '10', 'notselect', '4', '2018-06-18 00:12:46', '2018-08-04 00:12:46', '300', 'old', '1', '300', '0', '300'), ('77', 'newzzz', '11', 'notselect', '4', '2018-06-18 00:12:46', '2018-08-04 00:12:46', '800', 'old', '1', '770', '0', '0'), ('78', 'colu', '11', 'notselect', '4', '2018-06-18 00:12:46', '2018-08-04 00:12:46', '600', 'old', '1', '540', '0', '0'), ('79', 'colu123', '12', 'notselect', '4', '2018-05-18 00:12:46', '2018-08-04 00:12:46', '200', 'old', '1', '199', '0', '1'), ('80', 'newppp', '10', 'notselect', '4', '2018-04-18 00:12:46', '2018-08-04 00:12:46', '300', 'old', '1', '300', '0', '300'), ('81', 'newzzz', '11', 'notselect', '4', '2018-05-18 00:12:46', '2018-08-04 00:12:46', '800', 'old', '1', '800', '0', '0'), ('82', 'colu', '11', 'notselect', '4', '2018-04-18 00:12:46', '2018-08-04 00:12:46', '600', 'old', '1', '600', '0', '0'), ('83', 'colu123', '12', 'notselect', '4', '2018-02-18 00:12:46', '2018-08-04 00:12:46', '200', 'old', '1', '199', '0', '1');
COMMIT;

-- ----------------------------
--  Table structure for `tickets_pay_account`
-- ----------------------------
DROP TABLE IF EXISTS `tickets_pay_account`;
CREATE TABLE `tickets_pay_account` (
  `name` varchar(30) NOT NULL,
  `password` varchar(30) DEFAULT NULL,
  `money` double DEFAULT NULL,
  PRIMARY KEY (`name`)
) ENGINE=InnoDB DEFAULT CHARSET=utf8;

-- ----------------------------
--  Records of `tickets_pay_account`
-- ----------------------------
BEGIN;
INSERT INTO `tickets_pay_account` VALUES ('13900000000', '123456', '0.2'), ('13988888888', '123456', '98200');
COMMIT;

-- ----------------------------
--  Table structure for `tickets_pre_place`
-- ----------------------------
DROP TABLE IF EXISTS `tickets_pre_place`;
CREATE TABLE `tickets_pre_place` (
  `id` int(11) NOT NULL AUTO_INCREMENT,
  `placeid` int(11) DEFAULT NULL,
  `name` varchar(40) DEFAULT NULL,
  `address` varchar(100) DEFAULT NULL,
  `describe` varchar(300) DEFAULT NULL,
  `password` varchar(30) DEFAULT NULL,
  `seatinfo` blob,
  `state` varchar(10) DEFAULT NULL,
  PRIMARY KEY (`id`)
) ENGINE=InnoDB AUTO_INCREMENT=5 DEFAULT CHARSET=utf8;

DROP TABLE IF EXISTS `tickets_place`;
CREATE TABLE `tickets_place` (
  `id` int(11) NOT NULL AUTO_INCREMENT,
  `name` varchar(20) DEFAULT NULL,
  `address` varchar(100) DEFAULT NULL,
  `describe` varchar(300) DEFAULT NULL,
  `password` varchar(30) DEFAULT NULL,
  `seatinfo` blob,
  `state` varchar(10) DEFAULT NULL,
  PRIMARY KEY (`id`)
) ENGINE=InnoDB AUTO_INCREMENT=9 DEFAULT CHARSET=utf8;

-- ----------------------------
--  Records of `tickets_place`
-- ----------------------------
BEGIN;
INSERT INTO `tickets_place` VALUES ('3', '东区奥林匹克体育场', '南京市XXXXXX', '南京市东区建邺区奥体中心的奥林匹克体育场', '123456', 0xaced0005737200236564752e6e6a752e7469636b6574732e6d6f64656c2e7574696c2e53656174496e666f000000000000000102000249000c746f74616c536561744e756d4c000c64697374726963744c6973747400104c6a6176612f7574696c2f4c6973743b787000000191737200136a6176612e7574696c2e41727261794c6973747881d21d99c7619d03000149000473697a657870000000057704000000057372002c6564752e6e6a752e7469636b6574732e6d6f64656c2e7574696c2e53656174496e666f2444697374726963740000000000000001020004490007736561744e756d4c0008696e666f4c69737471007e00014c00046e616d657400124c6a6176612f6c616e672f537472696e673b4c00067468697324307400254c6564752f6e6a752f7469636b6574732f6d6f64656c2f7574696c2f53656174496e666f3b7870000000707371007e00030000000a77040000000a737200116a6176612e6c616e672e496e746567657212e2a0a4f781873802000149000576616c7565787200106a6176612e6c616e672e4e756d62657286ac951d0b94e08b02000078700000000a71007e000c7371007e000a0000000c71007e000d7371007e000a0000000e71007e000e71007e000c71007e000c71007e000c71007e000c78740009e4b8bbe5b8ade58fb071007e00027371007e00050000003e7371007e00030000000677040000000671007e000c71007e000c71007e000c71007e000c71007e000c71007e000d78740009e58c97e4ba8ce58cba71007e00027371007e0005000000377371007e0003000000077704000000077371007e000a000000057371007e000a000000067371007e000a000000077371007e000a000000087371007e000a0000000971007e000c71007e000c78740009e58c97e4b880e58cba71007e00027371007e0005000000487371007e00030000000677040000000671007e000c71007e000c71007e000d71007e000d71007e000e71007e000e78740006e58d97e58cba71007e00027371007e0005000000647371007e0003000000057704000000057371007e000a0000001471007e002071007e002071007e002071007e002078740006e4b8ade59cba71007e000278, 'true'), ('4', 'xxxx', 'aaaa', 'xxx', '123456', 0xaced0005737200236564752e6e6a752e7469636b6574732e6d6f64656c2e7574696c2e53656174496e666f000000000000000102000249000c746f74616c536561744e756d4c000c64697374726963744c6973747400104c6a6176612f7574696c2f4c6973743b787000000090737200136a6176612e7574696c2e41727261794c6973747881d21d99c7619d03000149000473697a657870000000027704000000027372002c6564752e6e6a752e7469636b6574732e6d6f64656c2e7574696c2e53656174496e666f2444697374726963740000000000000001020004490007736561744e756d4c0008696e666f4c69737471007e00014c00046e616d657400124c6a6176612f6c616e672f537472696e673b4c00067468697324307400254c6564752f6e6a752f7469636b6574732f6d6f64656c2f7574696c2f53656174496e666f3b7870000000407371007e000300000005770400000005737200116a6176612e6c616e672e496e746567657212e2a0a4f781873802000149000576616c7565787200106a6176612e6c616e672e4e756d62657286ac951d0b94e08b02000078700000000a7371007e000a0000000c7371007e000a0000000d7371007e000a0000000e7371007e000a0000000f78740009e58cbae59f9fe4ba8c71007e00027371007e0005000000507371007e0003000000047704000000047371007e000a0000001471007e001471007e001471007e001478740009e58cbae59f9fe4b88971007e000278, 'true'), ('5', 'aaa', 'bbb', 'vvv', null, 0xaced0005737200236564752e6e6a752e7469636b6574732e6d6f64656c2e7574696c2e53656174496e666f000000000000000102000249000c746f74616c536561744e756d4c000c64697374726963744c6973747400104c6a6176612f7574696c2f4c6973743b787000000051737200136a6176612e7574696c2e41727261794c6973747881d21d99c7619d03000149000473697a657870000000027704000000027372002c6564752e6e6a752e7469636b6574732e6d6f64656c2e7574696c2e53656174496e666f2444697374726963740000000000000001020004490007736561744e756d4c0008696e666f4c69737471007e00014c00046e616d657400124c6a6176612f6c616e672f537472696e673b4c00067468697324307400254c6564752f6e6a752f7469636b6574732f6d6f64656c2f7574696c2f53656174496e666f3b7870000000427371007e000300000006770400000006737200116a6176612e6c616e672e496e746567657212e2a0a4f781873802000149000576616c7565787200106a6176612e6c616e672e4e756d62657286ac951d0b94e08b02000078700000000a71007e000c71007e000c7371007e000a0000000c71007e000d71007e000d78740005646973713171007e00027371007e00050000000f7371007e0003000000057704000000057371007e000a000000017371007e000a000000027371007e000a000000037371007e000a000000047371007e000a00000005787400046469733271007e000278, 'true'), ('6', 'shop1', 'shop1', 'shop1', null, 0xaced0005737200236564752e6e6a752e7469636b6574732e6d6f64656c2e7574696c2e53656174496e666f000000000000000102000249000c746f74616c536561744e756d4c000c64697374726963744c6973747400104c6a6176612f7574696c2f4c6973743b78700000001e737200136a6176612e7574696c2e41727261794c6973747881d21d99c7619d03000149000473697a657870000000017704000000017372002c6564752e6e6a752e7469636b6574732e6d6f64656c2e7574696c2e53656174496e666f2444697374726963740000000000000001020004490007736561744e756d4c0008696e666f4c69737471007e00014c00046e616d657400124c6a6176612f6c616e672f537472696e673b4c00067468697324307400254c6564752f6e6a752f7469636b6574732f6d6f64656c2f7574696c2f53656174496e666f3b78700000001e7371007e000300000003770400000003737200116a6176612e6c616e672e496e746567657212e2a0a4f781873802000149000576616c7565787200106a6176612e6c616e672e4e756d62657286ac951d0b94e08b02000078700000000a71007e000c71007e000c78740002643171007e000278, 'true'), ('7', 'newPlace', 'newPlace', 'newPlace', null, 0xaced0005737200236564752e6e6a752e7469636b6574732e6d6f64656c2e7574696c2e53656174496e666f000000000000000102000249000c746f74616c536561744e756d4c000c64697374726963744c6973747400104c6a6176612f7574696c2f4c6973743b78700000007c737200136a6176612e7574696c2e41727261794c6973747881d21d99c7619d03000149000473697a657870000000027704000000027372002c6564752e6e6a752e7469636b6574732e6d6f64656c2e7574696c2e53656174496e666f2444697374726963740000000000000001020004490007736561744e756d4c0008696e666f4c69737471007e00014c00046e616d657400124c6a6176612f6c616e672f537472696e673b4c00067468697324307400254c6564752f6e6a752f7469636b6574732f6d6f64656c2f7574696c2f53656174496e666f3b78700000002c7371007e000300000004770400000004737200116a6176612e6c616e672e496e746567657212e2a0a4f781873802000149000576616c7565787200106a6176612e6c616e672e4e756d62657286ac951d0b94e08b02000078700000000a71007e000c7371007e000a0000000c71007e000d78740002743171007e00027371007e0005000000507371007e0003000000047704000000047371007e000a0000001471007e001171007e001171007e001178740002743271007e000278, 'false'), ('8', '南京AAA', 'aaaa', 'aaaa', null, 0xaced0005737200236564752e6e6a752e7469636b6574732e6d6f64656c2e7574696c2e53656174496e666f000000000000000102000249000c746f74616c536561744e756d4c000c64697374726963744c6973747400104c6a6176612f7574696c2f4c6973743b787000000066737200136a6176612e7574696c2e41727261794c6973747881d21d99c7619d03000149000473697a657870000000027704000000027372002c6564752e6e6a752e7469636b6574732e6d6f64656c2e7574696c2e53656174496e666f2444697374726963740000000000000001020004490007736561744e756d4c0008696e666f4c69737471007e00014c00046e616d657400124c6a6176612f6c616e672f537472696e673b4c00067468697324307400254c6564752f6e6a752f7469636b6574732f6d6f64656c2f7574696c2f53656174496e666f3b7870000000487371007e000300000006770400000006737200116a6176612e6c616e672e496e746567657212e2a0a4f781873802000149000576616c7565787200106a6176612e6c616e672e4e756d62657286ac951d0b94e08b02000078700000000a71007e000c7371007e000a0000000c71007e000d7371007e000a0000000e71007e000e78740009e58cbae59f9fe58c9771007e00027371007e00050000001e7371007e00030000000377040000000371007e000c71007e000c71007e000c78740009e4b8bbe5b8ade58fb071007e000278, 'true');
COMMIT;


-- ----------------------------
--  Records of `tickets_pre_place`
-- ----------------------------
BEGIN;
INSERT INTO `tickets_pre_place` VALUES ('4', '3', '东区奥林匹克体育场', '南京市XXXXXX', '南京市东区建邺区奥体中心的奥林匹克体育场', '123456', 0xaced0005737200236564752e6e6a752e7469636b6574732e6d6f64656c2e7574696c2e53656174496e666f000000000000000102000249000c746f74616c536561744e756d4c000c64697374726963744c6973747400104c6a6176612f7574696c2f4c6973743b7870000001a5737200136a6176612e7574696c2e41727261794c6973747881d21d99c7619d03000149000473697a657870000000057704000000057372002c6564752e6e6a752e7469636b6574732e6d6f64656c2e7574696c2e53656174496e666f2444697374726963740000000000000001020004490007736561744e756d4c0008696e666f4c69737471007e00014c00046e616d657400124c6a6176612f6c616e672f537472696e673b4c00067468697324307400254c6564752f6e6a752f7469636b6574732f6d6f64656c2f7574696c2f53656174496e666f3b7870000000847371007e00030000000c77040000000c737200116a6176612e6c616e672e496e746567657212e2a0a4f781873802000149000576616c7565787200106a6176612e6c616e672e4e756d62657286ac951d0b94e08b02000078700000000a71007e000c7371007e000a0000000c71007e000d7371007e000a0000000e71007e000e71007e000c71007e000c71007e000c71007e000c71007e000c71007e000c78740009e4b8bbe5b8ade58fb071007e00027371007e00050000003e7371007e00030000000677040000000671007e000c71007e000c71007e000c71007e000c71007e000c71007e000d78740009e58c97e4ba8ce58cba71007e00027371007e0005000000377371007e0003000000077704000000077371007e000a000000057371007e000a000000067371007e000a000000077371007e000a000000087371007e000a0000000971007e000c71007e000c78740009e58c97e4b880e58cba71007e00027371007e0005000000487371007e00030000000677040000000671007e000c71007e000c71007e000d71007e000d71007e000e71007e000e78740006e58d97e58cba71007e00027371007e0005000000647371007e0003000000057704000000057371007e000a0000001471007e002071007e002071007e002071007e002078740006e4b8ade59cba71007e000278, 'true');
COMMIT;

-- ----------------------------
--  Table structure for `tickets_show`
-- ----------------------------
DROP TABLE IF EXISTS `tickets_show`;
CREATE TABLE `tickets_show` (
  `id` int(11) NOT NULL AUTO_INCREMENT,
  `name` varchar(20) DEFAULT NULL,
  `describe` varchar(500) DEFAULT NULL,
  `placeid` int(11) DEFAULT NULL,
  `time` datetime DEFAULT NULL,
  `seatstate` blob,
  `seatpercent` double DEFAULT NULL,
  PRIMARY KEY (`id`)
) ENGINE=InnoDB AUTO_INCREMENT=20 DEFAULT CHARSET=utf8;

-- ----------------------------
--  Records of `tickets_show`
-- ----------------------------
BEGIN;
INSERT INTO `tickets_show` VALUES ('10', 'MAOLIVEHOUSE 2018巡演', '“静谧如潜入深海，爆裂如山石崩塌”，来自悉尼的六人乐队We Lost The Sea无疑是当下最 优秀的器乐摇滚乐团之一，他们的音乐融合了氛围、前卫摇滚、后摇等多种元素，在宏大气度与暗色调旋律的笼罩下，如同波澜壮阔的史诗画卷，磅礴而震撼。他们曾与Rosetta 、This Will Destroy You 等大牌乐队一同巡演，是澳大利亚以及国际上公认的杰出现场乐队。', '3', '2018-08-17 20:00:00', 0xaced0005737200246564752e6e6a752e7469636b6574732e6d6f64656c2e7574696c2e5365617453746174650000000000000001020004490007736561744e756d49000773656c6c4e756d4c00046c6973747400104c6a6176612f7574696c2f4c6973743b4c000970726963654c69737471007e000178700000018d00000000737200136a6176612e7574696c2e41727261794c6973747881d21d99c7619d03000149000473697a6578700000018e77040000018e74000566616c736571007e000571007e000571007e000571007e000571007e000571007e000571007e000571007e000571007e000571007e000571007e000571007e000571007e000571007e000571007e000571007e000571007e000571007e000571007e000571007e000571007e000571007e000571007e000571007e000571007e000571007e000571007e000571007e000571007e000571007e000571007e000571007e000571007e000571007e000571007e000571007e000571007e000571007e000571007e000571007e000571007e000571007e000571007e000571007e000571007e000571007e000571007e000571007e000571007e000571007e000571007e000571007e000571007e000571007e000571007e000571007e000571007e000571007e000571007e000571007e000571007e000571007e000571007e000571007e000571007e000571007e000571007e000571007e000571007e000571007e000571007e000571007e000571007e000571007e000571007e000571007e000571007e000571007e000571007e000571007e000571007e000571007e000571007e000571007e000571007e000571007e000571007e000571007e000571007e000571007e000571007e000571007e000571007e000571007e000571007e000571007e000571007e000571007e000571007e000571007e000571007e000571007e000571007e000571007e000571007e000571007e000571007e000571007e000571007e000571007e000571007e000571007e000571007e000571007e000571007e000571007e000571007e000571007e000571007e000571007e000571007e000571007e000571007e000571007e000571007e000571007e000571007e000571007e000571007e000571007e000571007e000571007e000571007e000571007e000571007e000571007e000571007e000571007e000571007e000571007e000571007e000571007e000571007e000571007e000571007e000571007e000571007e000571007e000571007e000571007e000571007e000571007e000571007e000571007e000571007e000571007e000571007e000571007e000571007e000571007e000571007e000571007e000571007e000571007e000571007e000571007e000571007e000571007e000571007e000571007e000571007e000571007e000571007e000571007e000571007e000571007e000571007e000571007e000571007e000571007e000571007e000571007e000571007e000571007e000571007e000571007e000571007e000571007e000571007e000571007e000571007e000571007e000571007e000571007e000571007e000571007e000571007e000571007e000571007e000571007e000571007e000571007e000571007e000571007e000571007e000571007e000571007e000571007e000571007e000571007e000571007e000571007e000571007e000571007e000571007e000571007e000571007e000571007e000571007e000571007e000571007e000571007e000571007e000571007e000571007e000571007e000571007e000571007e000571007e000571007e000571007e000571007e000571007e000571007e000571007e000571007e000571007e000571007e000571007e000571007e000571007e000571007e000571007e000571007e000571007e000571007e000571007e000571007e000571007e000571007e000571007e000571007e000571007e000571007e000571007e000571007e000571007e000571007e000571007e000571007e000571007e000571007e000571007e000571007e000571007e000571007e000571007e000571007e000571007e000571007e000571007e000571007e000571007e000571007e000571007e000571007e000571007e000571007e000571007e000571007e000571007e000571007e000571007e000571007e000571007e000571007e000571007e000571007e000571007e000571007e000571007e000571007e000571007e000571007e000571007e000571007e000571007e000571007e000571007e000571007e000571007e000571007e000571007e000571007e000571007e000571007e000571007e000571007e000571007e000571007e000571007e000571007e000571007e000571007e000571007e000571007e000571007e000571007e000571007e000571007e000571007e000571007e000571007e000571007e000571007e000571007e000571007e000571007e000571007e000571007e000571007e000571007e000571007e000571007e000571007e000571007e000571007e000571007e000571007e000571007e000571007e000571007e000571007e000571007e000571007e000571007e000571007e000571007e000571007e000571007e000571007e000571007e000571007e000571007e000571007e000571007e000571007e000571007e000571007e000571007e000571007e000571007e000571007e000571007e000571007e000571007e000571007e000571007e000571007e000571007e000571007e000571007e000571007e000571007e000571007e000571007e000571007e000571007e000571007e000571007e000571007e000571007e000571007e000571007e000571007e000571007e000571007e000571007e000571007e000571007e000571007e000571007e000571007e000571007e000571007e000571007e000571007e0005787371007e000300000005770400000005737200106a6176612e6c616e672e446f75626c6580b3c24a296bfb0402000144000576616c7565787200106a6176612e6c616e672e4e756d62657286ac951d0b94e08b020000787040690000000000007371007e0007406b8000000000007371007e00074072c000000000007371007e000740790000000000007371007e0007408130000000000078, '0.673'), ('11', '百大DJ zedd”嘉宾演出', 'Zedd 的著名作品之一是与 Alessia Cara 合作的 \"Stay\"，并在美国 Top 40 电台登上他的第一个榜首。Zedd 在 2012 年与 Interscope 唱片公司签约后发行了他的首张专辑 \"Clarity\"，同年，他在纽约时报上发表了自己的作品，并被称赞为 \"EDM 神童\" 及 \"拥有非凡天赋\"。专辑主打曲目 \"Clarity\" 获得格莱美奖，售出了 260 万张专辑，累计销量超过 4 亿收听率及获得 2014 MTV Clubland 音乐录像带大奖。', '3', '2018-07-17 20:00:00', 0xaced0005737200246564752e6e6a752e7469636b6574732e6d6f64656c2e7574696c2e5365617453746174650000000000000001020004490007736561744e756d49000773656c6c4e756d4c00046c6973747400104c6a6176612f7574696c2f4c6973743b4c000970726963654c69737471007e000178700000018d00000000737200136a6176612e7574696c2e41727261794c6973747881d21d99c7619d03000149000473697a6578700000018e77040000018e74000566616c736571007e000571007e000571007e000571007e000571007e000571007e000571007e000571007e000571007e000571007e000571007e000571007e000571007e000571007e000571007e000571007e000571007e000571007e000571007e000571007e000571007e000571007e000571007e000571007e000571007e000571007e000571007e000571007e000571007e000571007e000571007e000571007e000571007e000571007e000571007e000571007e000571007e000571007e000571007e000571007e000571007e000571007e000571007e000571007e000571007e000571007e000571007e000571007e000571007e000571007e000571007e000571007e000571007e000571007e000571007e000571007e000571007e000571007e000571007e000571007e000571007e000571007e000571007e000571007e000571007e000571007e000571007e000571007e000571007e000571007e000571007e000571007e000571007e000571007e000571007e000571007e000571007e000571007e000571007e000571007e000571007e000571007e000571007e000571007e000571007e000571007e000571007e000571007e000571007e000571007e000571007e000571007e000571007e000571007e000571007e000571007e000571007e000571007e000571007e000571007e000571007e000571007e000571007e000571007e000571007e000571007e000571007e000571007e000571007e000571007e000571007e000571007e000571007e000571007e000571007e000571007e000571007e000571007e000571007e000571007e000571007e000571007e000571007e000571007e000571007e000571007e000571007e000571007e000571007e000571007e000571007e000571007e000571007e000571007e000571007e000571007e000571007e000571007e000571007e000571007e000571007e000571007e000571007e000571007e000571007e000571007e000571007e000571007e000571007e000571007e000571007e000571007e000571007e000571007e000571007e000571007e000571007e000571007e000571007e000571007e000571007e000571007e000571007e000571007e000571007e000571007e000571007e000571007e000571007e000571007e000571007e000571007e000571007e000571007e000571007e000571007e000571007e000571007e000571007e000571007e000571007e000571007e000571007e000571007e000571007e000571007e000571007e000571007e000571007e000571007e000571007e000571007e000571007e000571007e000571007e000571007e000571007e000571007e000571007e000571007e000571007e000571007e000571007e000571007e000571007e000571007e000571007e000571007e000571007e000571007e000571007e000571007e000571007e000571007e000571007e000571007e000571007e000571007e000571007e000571007e000571007e000571007e000571007e000571007e000571007e000571007e000571007e000571007e000571007e000571007e000571007e000571007e000571007e000571007e000571007e000571007e000571007e000571007e000571007e000571007e000571007e000571007e000571007e000571007e000571007e000571007e000571007e000571007e000571007e000571007e000571007e000571007e000571007e000571007e000571007e000571007e000571007e000571007e000571007e000571007e000571007e000571007e000571007e000571007e000571007e000571007e000571007e000571007e000571007e000571007e000571007e000571007e000571007e000571007e000571007e000571007e000571007e000571007e000571007e000571007e000571007e000571007e000571007e000571007e000571007e000571007e000571007e000571007e000571007e000571007e000571007e000571007e000571007e000571007e000571007e000571007e000571007e000571007e000571007e000571007e000571007e000571007e000571007e000571007e000571007e000571007e000571007e000571007e000571007e000571007e000571007e000571007e000571007e000571007e000571007e000571007e000571007e000571007e000571007e000571007e000571007e000571007e000571007e000571007e000571007e000571007e000571007e000571007e000571007e000571007e000571007e000571007e000571007e000571007e000571007e000571007e000571007e000571007e000571007e000571007e000571007e000571007e000571007e000571007e000571007e000571007e000571007e000571007e000571007e000571007e000571007e000571007e000571007e000571007e000571007e000571007e000571007e000571007e000571007e000571007e000571007e000571007e000571007e000571007e000571007e000571007e000571007e000571007e000571007e000571007e000571007e000571007e000571007e000571007e000571007e000571007e000571007e000571007e000571007e000571007e000571007e000571007e000571007e000571007e000571007e000571007e000571007e000571007e000571007e000571007e000571007e000571007e000571007e000571007e000571007e000571007e000571007e0005787371007e000300000005770400000005737200106a6176612e6c616e672e446f75626c6580b3c24a296bfb0402000144000576616c7565787200106a6176612e6c616e672e4e756d62657286ac951d0b94e08b020000787040690000000000007371007e0007406b8000000000007371007e00074072c000000000007371007e000740790000000000007371007e0007408130000000000078, '0.8298'), ('12', '2018珠江源爨星音乐节', '你是否对现在的生活不满意无论你的阶层、年龄，身处哪个城市\n不管你是留在原地的人，还是跑向前方的人在人群里看着对方，都像看着不同的物种却总能从对方身上嗅到陌生的诱惑\n你渴望改变不是因为现状，而是因为无处不在的改变本身带来诱惑只要离现在，就是往前奔跑', '3', '2018-09-18 20:50:00', 0xaced0005737200246564752e6e6a752e7469636b6574732e6d6f64656c2e7574696c2e5365617453746174650000000000000001020004490007736561744e756d49000773656c6c4e756d4c00046c6973747400104c6a6176612f7574696c2f4c6973743b4c000970726963654c69737471007e000178700000018d00000011737200136a6176612e7574696c2e41727261794c6973747881d21d99c7619d03000149000473697a6578700000018e77040000018e74000566616c736571007e000571007e000571007e000571007e000571007e000571007e000571007e000571007e000571007e000571007e000571007e00057400047472756571007e000671007e000671007e000671007e000571007e000571007e000571007e000571007e000571007e000571007e000571007e000571007e000571007e000571007e000571007e000571007e000571007e000571007e000571007e000571007e000571007e000571007e000571007e000571007e000571007e000571007e000571007e000571007e000571007e000571007e000571007e000571007e000571007e000571007e000571007e000571007e00057400047472756571007e000771007e000771007e000771007e000771007e000771007e000571007e000571007e000571007e000571007e000571007e000571007e000571007e000571007e000571007e000571007e000571007e000571007e000571007e000571007e000571007e000571007e000571007e000571007e000571007e000571007e000571007e000571007e000571007e000571007e000571007e000571007e000571007e000571007e000571007e000571007e000571007e000571007e000571007e000571007e000571007e000571007e000571007e000571007e000571007e000571007e000571007e000571007e000571007e000571007e000571007e000571007e000571007e000571007e000571007e000571007e000571007e000571007e000571007e000571007e000571007e000571007e000571007e000571007e000571007e000571007e000571007e000571007e000571007e000571007e000571007e000571007e000571007e000571007e000571007e000571007e000571007e000571007e000571007e000571007e000571007e000571007e000571007e000571007e00057400047472756571007e000871007e000871007e000571007e000571007e000571007e000571007e000571007e000571007e000571007e000571007e000871007e000871007e000871007e000571007e000571007e000571007e000571007e000571007e000571007e000571007e000571007e000571007e000571007e000571007e000571007e000571007e000571007e000571007e000571007e000571007e000571007e000571007e000571007e000571007e000571007e000571007e000571007e000571007e000571007e000571007e000571007e000571007e000571007e000571007e00057400047472756571007e000571007e000571007e000571007e000571007e000571007e000571007e000571007e000571007e000571007e000571007e000571007e000571007e000571007e000571007e000571007e000571007e000571007e000571007e000571007e000571007e000571007e000571007e000571007e000571007e000571007e000571007e000571007e000571007e000571007e000571007e000571007e000571007e000571007e000571007e000571007e000571007e000571007e000571007e000571007e000571007e000571007e000571007e000571007e000571007e000571007e000571007e000571007e000571007e000571007e000571007e000571007e000571007e000571007e000571007e000571007e000571007e000571007e000571007e000571007e000571007e000571007e000571007e000571007e000571007e000571007e000571007e000571007e000571007e000571007e000571007e000571007e000571007e000571007e000571007e000571007e000571007e000571007e000571007e000571007e000571007e000571007e000571007e000571007e000571007e000571007e000571007e000571007e000571007e000571007e000571007e000571007e000571007e000571007e000571007e000571007e000571007e000571007e000571007e000571007e000571007e000571007e000571007e000571007e000571007e000571007e000571007e000571007e000571007e000571007e000571007e000571007e000571007e000571007e000571007e000571007e000571007e000571007e000571007e000571007e000571007e000571007e000571007e000571007e000571007e000571007e000571007e000571007e000571007e000571007e000571007e000571007e000571007e000571007e000571007e000571007e000571007e000571007e000571007e000571007e000571007e000571007e000571007e000571007e000571007e000571007e000571007e000571007e000571007e000571007e000571007e000571007e000571007e000571007e000571007e000571007e000571007e000571007e000571007e000571007e000571007e000571007e000571007e000571007e000571007e000571007e000571007e000571007e000571007e000571007e000571007e000571007e000571007e000571007e000571007e000571007e000571007e000571007e000571007e000571007e000571007e000571007e000571007e000571007e000571007e000571007e000571007e000571007e000571007e000571007e000571007e000571007e000571007e000571007e000571007e000571007e000571007e000571007e000571007e000571007e000571007e000571007e000571007e000571007e000571007e000571007e000571007e000571007e000571007e000571007e000571007e000571007e000571007e000571007e000571007e000571007e000571007e0005787371007e000300000005770400000005737200106a6176612e6c616e672e446f75626c6580b3c24a296bfb0402000144000576616c7565787200106a6176612e6c616e672e4e756d62657286ac951d0b94e08b020000787040690000000000007371007e000b4072c000000000007371007e000b40690000000000007371007e000b40790000000000007371007e000b407f40000000000078, '0.91'), ('13', '史温格歌手合唱团演唱会', '成立于1960年代的史温格歌手合唱团在半个多世纪以来始终在不断挑战声乐艺术的“边界”。七位年轻歌手本着同样的创新精神共同打造出了如今这支曾获五次格莱美大奖的金牌合唱团，随着阿卡贝拉音乐逐渐为广大观众所熟悉，史温格歌手们始终以首屈一指的演唱技巧在这一领域独占鳌头。', '3', '2018-06-05 21:00:00', 0xaced0005737200246564752e6e6a752e7469636b6574732e6d6f64656c2e7574696c2e5365617453746174650000000000000001020004490007736561744e756d49000773656c6c4e756d4c00046c6973747400104c6a6176612f7574696c2f4c6973743b4c000970726963654c69737471007e000178700000018d00000003737200136a6176612e7574696c2e41727261794c6973747881d21d99c7619d03000149000473697a6578700000018e77040000018e74000566616c736571007e000571007e000571007e000571007e000571007e000571007e000571007e000571007e000571007e000571007e000571007e000571007e000571007e000571007e000571007e000571007e000571007e000571007e000571007e000571007e000571007e000571007e000571007e000571007e000571007e000571007e000571007e000571007e000571007e000571007e000571007e000571007e000571007e000571007e000571007e000571007e000571007e000571007e000571007e000571007e000571007e000571007e000571007e000571007e000571007e000571007e000571007e000571007e000571007e000571007e000571007e000571007e000571007e000571007e000571007e000571007e000571007e000571007e000571007e000571007e000571007e000571007e000571007e000571007e000571007e000571007e000571007e000571007e000571007e000571007e000571007e000571007e000571007e000571007e000571007e000571007e000571007e000571007e000571007e000571007e000571007e000571007e000571007e000571007e000571007e000571007e000571007e000571007e000571007e000571007e000571007e000571007e000571007e000571007e000571007e000571007e000571007e000571007e000571007e000571007e000571007e000571007e000571007e000571007e000571007e000571007e000571007e000571007e000571007e000571007e000571007e000571007e000571007e000571007e000571007e000571007e000571007e000571007e000571007e000571007e000571007e000571007e000571007e000571007e000571007e00057400047472756571007e000671007e000671007e000571007e000571007e000571007e000571007e000571007e000571007e000571007e000571007e000571007e000571007e000571007e000571007e000571007e000571007e000571007e000571007e000571007e000571007e000571007e000571007e000571007e000571007e000571007e000571007e000571007e000571007e000571007e000571007e000571007e000571007e000571007e000571007e000571007e000571007e000571007e000571007e000571007e000571007e000571007e000571007e000571007e000571007e000571007e000571007e000571007e000571007e000571007e000571007e000571007e000571007e000571007e000571007e000571007e000571007e000571007e000571007e000571007e000571007e000571007e000571007e000571007e000571007e000571007e000571007e000571007e000571007e000571007e000571007e000571007e000571007e000571007e000571007e000571007e000571007e000571007e000571007e000571007e000571007e000571007e000571007e000571007e000571007e000571007e000571007e000571007e000571007e000571007e000571007e000571007e000571007e000571007e000571007e000571007e000571007e000571007e000571007e000571007e000571007e000571007e000571007e000571007e000571007e000571007e000571007e000571007e000571007e000571007e000571007e000571007e000571007e000571007e000571007e000571007e000571007e000571007e000571007e000571007e000571007e000571007e000571007e000571007e000571007e000571007e000571007e000571007e000571007e000571007e000571007e000571007e000571007e000571007e000571007e000571007e000571007e000571007e000571007e000571007e000571007e000571007e000571007e000571007e000571007e000571007e000571007e000571007e000571007e000571007e000571007e000571007e000571007e000571007e000571007e000571007e000571007e000571007e000571007e000571007e000571007e000571007e000571007e000571007e000571007e000571007e000571007e000571007e000571007e000571007e000571007e000571007e000571007e000571007e000571007e000571007e000571007e000571007e000571007e000571007e000571007e000571007e000571007e000571007e000571007e000571007e000571007e000571007e000571007e000571007e000571007e000571007e000571007e000571007e000571007e000571007e000571007e000571007e000571007e000571007e000571007e000571007e000571007e000571007e000571007e000571007e000571007e000571007e000571007e000571007e000571007e000571007e000571007e000571007e000571007e000571007e000571007e000571007e000571007e000571007e000571007e000571007e000571007e000571007e000571007e000571007e000571007e000571007e000571007e000571007e000571007e000571007e000571007e000571007e000571007e000571007e000571007e000571007e000571007e000571007e000571007e000571007e000571007e000571007e000571007e000571007e000571007e000571007e000571007e000571007e000571007e000571007e000571007e000571007e000571007e000571007e000571007e000571007e000571007e000571007e000571007e000571007e000571007e000571007e000571007e000571007e000571007e000571007e000571007e000571007e000571007e0005787371007e000300000005770400000005737200106a6176612e6c616e672e446f75626c6580b3c24a296bfb0402000144000576616c7565787200106a6176612e6c616e672e4e756d62657286ac951d0b94e08b020000787040540000000000007371007e000840590000000000007371007e000840690000000000007371007e000840540000000000007371007e0008407f40000000000078, '0.7634'), ('14', 'Vini Vici At LINX', '来自以色列的 Vini Vici 以一首与 Armin van Buuren 合作的 “Great Spirit” 于 2016 年一夕爆红。Armin 对于这首曲子也是爱不释手，不管是 Armin Only、A State Of Trance、或是在各大音乐季的演出当中，他都一定会播放 Vini Vici 的这首 Great Spirit。这首曲子获得了全球电音迷的广大回响，也让 Armin 在演出当中融入更多 Vini Vici 的作品，更使得 Vini Vici 成为了全球电音迷的新宠。', '4', '2018-06-07 20:00:00', 0xaced0005737200246564752e6e6a752e7469636b6574732e6d6f64656c2e7574696c2e5365617453746174650000000000000001020004490007736561744e756d49000773656c6c4e756d4c00046c6973747400104c6a6176612f7574696c2f4c6973743b4c000970726963654c69737471007e000178700000009000000000737200136a6176612e7574696c2e41727261794c6973747881d21d99c7619d03000149000473697a6578700000009177040000009174000566616c736571007e000571007e000571007e000571007e000571007e000571007e000571007e000571007e000571007e000571007e000571007e000571007e000571007e000571007e000571007e000571007e000571007e000571007e000571007e000571007e000571007e000571007e000571007e000571007e000571007e000571007e000571007e000571007e000571007e000571007e000571007e000571007e000571007e000571007e000571007e000571007e000571007e000571007e000571007e000571007e000571007e000571007e000571007e000571007e000571007e000571007e000571007e000571007e000571007e000571007e000571007e000571007e000571007e000571007e000571007e000571007e000571007e000571007e000571007e000571007e000571007e000571007e000571007e000571007e000571007e000571007e000571007e000571007e000571007e000571007e000571007e000571007e000571007e000571007e000571007e000571007e000571007e000571007e000571007e000571007e000571007e000571007e000571007e000571007e000571007e000571007e000571007e000571007e000571007e000571007e000571007e000571007e000571007e000571007e000571007e000571007e000571007e000571007e000571007e000571007e000571007e000571007e000571007e000571007e000571007e000571007e000571007e000571007e000571007e000571007e000571007e000571007e000571007e000571007e000571007e000571007e000571007e000571007e000571007e000571007e000571007e000571007e000571007e000571007e000571007e000571007e000571007e000571007e000571007e000571007e000571007e000571007e000571007e000571007e000571007e000571007e000571007e000571007e000571007e000571007e000571007e000571007e000571007e000571007e0005787371007e000300000002770400000002737200106a6176612e6c616e672e446f75626c6580b3c24a296bfb0402000144000576616c7565787200106a6176612e6c616e672e4e756d62657286ac951d0b94e08b020000787040690000000000007371007e0007407f40000000000078, '0.4'), ('15', 'STILL LAZY LIVE 音乐会 ', ' LMF，全名Lazy Mutha Fucka，原名为Lazy Mother Fucker，中文名为大懒堂，是于1999年成立的一队香港新金属、硬核嘻哈、饶舌摇滚乐队组合。乐队不同于其他香港乐坛的主流乐队，对于政治，社会现像等题材有一定的涉猎和探讨。 LMF早期不过是一群独立乐队在「Dark Entry」音乐会尾声的时候以「大杂烩」形式出现，而后随着「Dark Entry」的停办，LMF也停摆了一段时间。', '4', '2018-05-02 19:30:00', 0xaced0005737200246564752e6e6a752e7469636b6574732e6d6f64656c2e7574696c2e5365617453746174650000000000000001020004490007736561744e756d49000773656c6c4e756d4c00046c6973747400104c6a6176612f7574696c2f4c6973743b4c000970726963654c69737471007e000178700000009000000000737200136a6176612e7574696c2e41727261794c6973747881d21d99c7619d03000149000473697a6578700000009177040000009174000566616c736571007e000571007e000571007e000571007e000571007e000571007e000571007e000571007e000571007e000571007e000571007e000571007e000571007e000571007e000571007e000571007e000571007e000571007e000571007e000571007e000571007e000571007e000571007e000571007e000571007e000571007e000571007e000571007e000571007e000571007e000571007e000571007e000571007e000571007e000571007e000571007e000571007e000571007e000571007e000571007e000571007e000571007e000571007e000571007e000571007e000571007e000571007e000571007e000571007e000571007e000571007e000571007e000571007e000571007e000571007e000571007e000571007e000571007e000571007e000571007e000571007e000571007e000571007e000571007e000571007e000571007e000571007e000571007e000571007e000571007e000571007e000571007e000571007e000571007e000571007e000571007e000571007e000571007e000571007e000571007e000571007e000571007e000571007e000571007e000571007e000571007e000571007e000571007e000571007e000571007e000571007e000571007e000571007e000571007e000571007e000571007e000571007e000571007e000571007e000571007e000571007e000571007e000571007e000571007e000571007e000571007e000571007e000571007e000571007e000571007e000571007e000571007e000571007e000571007e000571007e000571007e000571007e000571007e000571007e000571007e000571007e000571007e000571007e000571007e000571007e000571007e000571007e000571007e000571007e000571007e000571007e000571007e000571007e000571007e000571007e000571007e000571007e000571007e000571007e000571007e000571007e000571007e000571007e000571007e0005787371007e000300000002770400000002737200106a6176612e6c616e672e446f75626c6580b3c24a296bfb0402000144000576616c7565787200106a6176612e6c616e672e4e756d62657286ac951d0b94e08b02000078704072c000000000007371007e0007407f40000000000078, '0.56'), ('16', 'MAO城市音乐场景', '鬼否，来自英文GRIFFO的发音，源自Griffonage的缩写，意为潦草的医生处方。就如同他们的作品，天马行空，肆意而作。鬼否觉得自己玩儿的是“四肢不健全”的音乐－－没有传统意义所谓的主歌，副歌，也违背着听觉逻辑的常态。', '4', '2018-05-07 21:00:00', 0xaced0005737200246564752e6e6a752e7469636b6574732e6d6f64656c2e7574696c2e5365617453746174650000000000000001020004490007736561744e756d49000773656c6c4e756d4c00046c6973747400104c6a6176612f7574696c2f4c6973743b4c000970726963654c69737471007e000178700000009000000000737200136a6176612e7574696c2e41727261794c6973747881d21d99c7619d03000149000473697a6578700000009177040000009174000566616c736571007e000571007e000571007e000571007e000571007e000571007e000571007e000571007e000571007e000571007e000571007e000571007e000571007e000571007e000571007e000571007e000571007e000571007e000571007e000571007e000571007e000571007e000571007e000571007e000571007e000571007e000571007e000571007e000571007e000571007e000571007e000571007e000571007e000571007e000571007e000571007e000571007e000571007e000571007e000571007e000571007e000571007e000571007e000571007e000571007e000571007e000571007e000571007e000571007e000571007e000571007e000571007e000571007e000571007e000571007e000571007e000571007e000571007e000571007e000571007e000571007e000571007e000571007e000571007e000571007e000571007e000571007e000571007e000571007e000571007e000571007e000571007e000571007e000571007e000571007e000571007e000571007e000571007e000571007e000571007e000571007e000571007e000571007e000571007e000571007e000571007e000571007e000571007e000571007e000571007e000571007e000571007e000571007e000571007e000571007e000571007e000571007e000571007e000571007e000571007e000571007e000571007e000571007e000571007e000571007e000571007e000571007e000571007e000571007e000571007e000571007e000571007e000571007e000571007e000571007e000571007e000571007e000571007e000571007e000571007e000571007e000571007e000571007e000571007e000571007e000571007e000571007e000571007e000571007e000571007e000571007e000571007e000571007e000571007e000571007e000571007e000571007e000571007e000571007e000571007e000571007e000571007e000571007e000571007e0005787371007e000300000002770400000002737200106a6176612e6c616e672e446f75626c6580b3c24a296bfb0402000144000576616c7565787200106a6176612e6c616e672e4e756d62657286ac951d0b94e08b020000787040590000000000007371007e00074072c0000000000078, '0.6013'), ('19', '演出一', '演出一', '8', '2018-05-09 11:32:00', 0xaced0005737200246564752e6e6a752e7469636b6574732e6d6f64656c2e7574696c2e5365617453746174650000000000000001020004490007736561744e756d49000773656c6c4e756d4c00046c6973747400104c6a6176612f7574696c2f4c6973743b4c000970726963654c69737471007e000178700000006600000006737200136a6176612e7574696c2e41727261794c6973747881d21d99c7619d03000149000473697a6578700000006777040000006774000566616c736571007e000571007e000571007e000571007e000571007e000571007e000571007e000571007e000571007e000571007e000571007e000571007e000571007e000571007e000571007e000571007e000571007e000571007e000571007e000571007e000571007e00057400047472756571007e000671007e000671007e000671007e000671007e000671007e000571007e000571007e000571007e000571007e000571007e000571007e000571007e000571007e000571007e000571007e000571007e000571007e000571007e000571007e000571007e000571007e000571007e000571007e000571007e000571007e000571007e000571007e000571007e000571007e000571007e000571007e000571007e000571007e000571007e000571007e000571007e000571007e000571007e000571007e000571007e000571007e000571007e000571007e000571007e000571007e000571007e000571007e000571007e000571007e000571007e000571007e000571007e000571007e000571007e000571007e000571007e000571007e000571007e000571007e000571007e000571007e000571007e000571007e000571007e000571007e000571007e000571007e000571007e000571007e000571007e000571007e000571007e000571007e000571007e000571007e000571007e000571007e000571007e000571007e0005787371007e000300000002770400000002737200106a6176612e6c616e672e446f75626c6580b3c24a296bfb0402000144000576616c7565787200106a6176612e6c616e672e4e756d62657286ac951d0b94e08b020000787040690000000000007371007e0008407900000000000078, '0.8723');
COMMIT;

-- ----------------------------
--  Table structure for `tickets_ticket`
-- ----------------------------
DROP TABLE IF EXISTS `tickets_ticket`;
CREATE TABLE `tickets_ticket` (
  `id` int(11) NOT NULL AUTO_INCREMENT,
  `showid` int(11) DEFAULT NULL,
  `orderid` int(11) DEFAULT NULL,
  `seatid` int(11) DEFAULT NULL,
  `seatname` varchar(20) DEFAULT NULL,
  `price` double DEFAULT NULL,
  PRIMARY KEY (`id`)
) ENGINE=InnoDB AUTO_INCREMENT=46 DEFAULT CHARSET=utf8;

-- ----------------------------
--  Records of `tickets_ticket`
-- ----------------------------
BEGIN;
INSERT INTO `tickets_ticket` VALUES ('17', '12', '10', '134', '北二区 3排3座', '300'), ('18', '12', '10', '135', '北二区 3排4座', '300'), ('19', '12', '10', '136', '北二区 3排5座', '300'), ('20', '12', '10', '145', '北二区 4排4座', '300'), ('21', '12', '10', '146', '北二区 4排5座', '300'), ('22', '12', '10', '147', '北二区 4排6座', '300'), ('23', '12', '15', '12', '主席台 2排3座', '200'), ('24', '12', '15', '13', '主席台 2排4座', '200'), ('25', '12', '15', '14', '主席台 2排5座', '200'), ('26', '12', '15', '15', '主席台 2排6座', '200'), ('27', '12', '19', '49', '主席台 5排6座', '200'), ('28', '12', '19', '50', '主席台 5排7座', '200'), ('29', '12', '19', '51', '主席台 5排8座', '200'), ('30', '12', '19', '52', '主席台 5排9座', '200'), ('31', '12', '19', '53', '主席台 5排10座', '200'), ('32', '12', '19', '54', '主席台 5排11座', '200'), ('33', '13', '20', '126', '北二区 2排5座', '100'), ('34', '13', '20', '127', '北二区 2排6座', '100'), ('35', '13', '20', '128', '北二区 2排7座', '100'), ('39', '12', '36', '180', '北一区 2排2座', '200'), ('40', '19', '37', '22', '区域北 3排3座', '200'), ('41', '19', '37', '23', '区域北 3排4座', '200'), ('42', '19', '37', '24', '区域北 3排5座', '200'), ('43', '19', '37', '25', '区域北 3排6座', '200'), ('44', '19', '37', '26', '区域北 3排7座', '200'), ('45', '19', '37', '27', '区域北 3排8座', '200');
COMMIT;

-- ----------------------------
--  Table structure for `tickets_user`
-- ----------------------------
DROP TABLE IF EXISTS `tickets_user`;
CREATE TABLE `tickets_user` (
  `username` varchar(20) NOT NULL,
  `password` varchar(30) DEFAULT NULL,
  `emailaddress` varchar(30) DEFAULT NULL,
  `phone` varchar(20) DEFAULT NULL,
  `money` double DEFAULT NULL,
  `integral` int(11) DEFAULT NULL,
  `level` int(11) DEFAULT NULL,
  `state` varchar(20) DEFAULT NULL,
  `address` varchar(50) DEFAULT NULL,
  PRIMARY KEY (`username`)
) ENGINE=InnoDB DEFAULT CHARSET=utf8;

-- ----------------------------
--  Records of `tickets_user`
-- ----------------------------
BEGIN;
INSERT INTO `tickets_user` VALUES ('fox', '654321', 'cttony1997@126.com', '13233333333', '600', '600', '1', 'true', null), ('foxwel1997', '123456', '151250018@smail.nju.edu.cn', '13378787878', '0', '0', '1', 'true', null), ('foxwel8888', '123456', '151250018@smail.nju.edu.cn', '13233333332', '12300', '12200', '2', 'true', '江苏南京XXX'), ('newUser', '123456', 'cttony1997@126.com', '13678787878', '900', '800', '1', 'true', ''), ('newusers', '123456', 'cttony1997@126.com', '13666666662', '1800', '1700', '1', 'true', '南京'), ('root', 'root', 'cttony1997@126.com', '13233333333', '0', '0', '1', 'true', null), ('tempuser', '88888888', 'cttony1997@126.com', '13233333333', '0', '0', '1', 'true', null), ('测试', '123456', 'cttony1997@126.com', '13233333333', '0', '0', '1', 'true', null);
COMMIT;

-- ----------------------------
--  Table structure for `userorder`
-- ----------------------------
DROP TABLE IF EXISTS `userorder`;
CREATE TABLE `userorder` (
  `id` int(11) NOT NULL AUTO_INCREMENT,
  `name` varchar(20) DEFAULT NULL,
  `num` int(11) DEFAULT NULL,
  `price` double DEFAULT NULL,
  `totalprice` double DEFAULT NULL,
  `isok` int(11) DEFAULT NULL,
  `username` varchar(20) DEFAULT NULL,
  `time` datetime DEFAULT NULL,
  PRIMARY KEY (`id`)
) ENGINE=InnoDB AUTO_INCREMENT=27 DEFAULT CHARSET=utf8;

-- ----------------------------
--  Records of `userorder`
-- ----------------------------
BEGIN;
INSERT INTO `userorder` VALUES ('1', '椅子', '10', '80', '800', '1', 'root', '2017-12-18 11:15:30'), ('2', '桌子', '5', '100', '500', '1', 'root', '2017-10-08 08:22:30'), ('3', '钢笔', '8', '5', '40', '1', 'root', '2016-08-18 22:13:03'), ('4', '笔记本', '6', '30', '180', '0', 'root', '2017-01-12 14:15:30'), ('5', '铅笔', '20', '1', '20', '1', 'root', '2017-05-11 11:15:30'), ('6', '橡皮', '2', '2', '4', '1', 'root', '2017-08-18 11:15:30'), ('7', '新款钢笔', '10', '20', '200', '0', 'root', '2017-12-18 11:15:30'), ('8', '办公椅', '30', '50', '1500', '1', 'root', '2017-12-18 11:15:30'), ('9', '办公桌', '30', '80', '2400', '1', 'root', '2017-12-18 11:15:30'), ('10', '水杯', '8', '5', '40', '1', 'root', '2017-12-18 11:15:30'), ('11', '纸巾', '6', '30', '180', '0', 'root', '2017-12-18 11:15:30'), ('12', '椅子', '20', '1', '20', '1', 'root', '2017-12-18 11:15:30'), ('20', '桌子', '30', '1000', '30000', '1', 'root', '2017-12-18 11:15:30'), ('21', '钢笔', '10', '100', '1000', '1', 'fox', '2017-12-18 11:15:30'), ('22', '笔记本', '5', '5', '25', '1', 'fox', '2017-12-18 11:15:30'), ('23', '铅笔', '2', '50', '100', '1', 'fox', '2017-12-18 11:15:30'), ('24', '橡皮', '10', '30', '300', '0', 'fox', '2017-12-18 11:15:30'), ('25', '新款钢笔', '20', '1', '20', '1', 'fox', '2017-12-18 11:15:30'), ('26', '椅子', '2', '2', '4', '1', 'fox', '2017-12-18 11:15:30');
COMMIT;

SET FOREIGN_KEY_CHECKS = 1;
